클래스,인스턴스수,속성,출현율(%),카디널리티
nlon:OnlineMaterial,21810815,nlon:datePublished,100.0,+
nlon:OnlineMaterial,21810815,rdfs:label,99.95,*
nlon:OnlineMaterial,21810815,nlon:genre,99.87,*
nlon:OnlineMaterial,21810815,dcterms:title,99.58,*
nlon:OnlineMaterial,21810815,dcterms:accessRights,99.55,*
nlon:OnlineMaterial,21810815,nlon:audienceNote,97.79,*
nlon:OnlineMaterial,21810815,dc:publisher,96.99,*
nlon:OnlineMaterial,21810815,nlon:typeOfResource,95.98,?
nlon:OnlineMaterial,21810815,nlon:medium,93.53,*
nlon:OnlineMaterial,21810815,nlon:antecedentSource,93.25,?
nlon:OnlineMaterial,21810815,dcterms:issued,93.12,*
nlon:OnlineMaterial,21810815,nlon:publicationPlace,90.26,*
nlon:OnlineMaterial,21810815,dc:format,88.31,*
nlon:OnlineMaterial,21810815,bibframe:extent,87.71,*
nlon:OnlineMaterial,21810815,nlon:holdingInstitution,82.05,?
nlon:OnlineMaterial,21810815,nlon:titleOfHostItem,77.8,*
nlon:OnlineMaterial,21810815,nlon:relatedParts,63.98,*
nlon:OnlineMaterial,21810815,nlon:newsPosition,60.11,*
nlon:OnlineMaterial,21810815,dcterms:description,59.33,*
nlon:OnlineMaterial,21810815,nlon:keyword,56.68,*
nlon:OnlineMaterial,21810815,nlon:uci,56.65,*
nlon:OnlineMaterial,21810815,dcterms:hasFormat,50.31,*
nlon:OnlineMaterial,21810815,nlon:reproductionNote,49.69,*
nlon:OnlineMaterial,21810815,nlon:otherNumber,43.16,?
nlon:OnlineMaterial,21810815,dc:creator,37.2,*
nlon:OnlineMaterial,21810815,nlon:kdc,30.32,*
nlon:OnlineMaterial,21810815,dcterms:identifier,28.23,*
nlon:OnlineMaterial,21810815,nlon:kdcn,21.39,*
nlon:OnlineMaterial,21810815,dcterms:creator,20.24,*
nlon:OnlineMaterial,21810815,dcterms:subject,18.54,*
nlon:OnlineMaterial,21810815,nlon:restriction,18.15,*
nlon:OnlineMaterial,21810815,dcterms:abstract,17.59,*
nlon:OnlineMaterial,21810815,dcterms:alternative,14.92,*
nlon:OnlineMaterial,21810815,nlon:languageNote,12.58,*
nlon:OnlineMaterial,21810815,dcterms:isPartOf,12.48,*
nlon:OnlineMaterial,21810815,nlon:remainderOfTitle,10.85,*
nlon:ElectronicJournal,16901548,nlon:datePublished,100.0,+
nlon:ElectronicJournal,16901548,nlon:genre,100.0,*
nlon:ElectronicJournal,16901548,nlon:typeOfResource,100.0,?
nlon:ElectronicJournal,16901548,dcterms:title,100.0,*
nlon:ElectronicJournal,16901548,rdfs:label,100.0,*
nlon:ElectronicJournal,16901548,dcterms:accessRights,99.99,*
nlon:ElectronicJournal,16901548,dc:publisher,99.82,*
nlon:ElectronicJournal,16901548,dcterms:issued,99.74,*
nlon:ElectronicJournal,16901548,nlon:audienceNote,99.73,*
nlon:ElectronicJournal,16901548,nlon:antecedentSource,98.87,?
nlon:ElectronicJournal,16901548,nlon:medium,98.76,?
nlon:ElectronicJournal,16901548,nlon:titleOfHostItem,98.4,*
nlon:ElectronicJournal,16901548,dc:format,92.6,*
nlon:ElectronicJournal,16901548,nlon:publicationPlace,90.53,*
nlon:ElectronicJournal,16901548,nlon:holdingInstitution,90.18,?
nlon:ElectronicJournal,16901548,bibframe:extent,89.23,*
nlon:ElectronicJournal,16901548,nlon:relatedParts,81.33,*
nlon:ElectronicJournal,16901548,nlon:newsPosition,77.54,*
nlon:ElectronicJournal,16901548,dcterms:description,65.8,*
nlon:ElectronicJournal,16901548,nlon:keyword,63.77,*
nlon:ElectronicJournal,16901548,nlon:reproductionNote,62.06,*
nlon:ElectronicJournal,16901548,nlon:uci,58.34,*
nlon:ElectronicJournal,16901548,dcterms:hasFormat,55.74,*
nlon:ElectronicJournal,16901548,nlon:otherNumber,54.51,?
nlon:ElectronicJournal,16901548,dc:creator,32.62,*
nlon:ElectronicJournal,16901548,dcterms:identifier,23.33,*
nlon:ElectronicJournal,16901548,nlon:kdc,22.45,*
nlon:ElectronicJournal,16901548,dcterms:abstract,17.64,*
nlon:ElectronicJournal,16901548,dcterms:isPartOf,16.02,*
nlon:ElectronicJournal,16901548,dcterms:alternative,13.22,*
nlon:ElectronicJournal,16901548,dcterms:creator,11.62,*
nlon:ElectronicJournal,16901548,nlon:relatedPlace,11.59,*
nlon:ElectronicJournal,16901548,nlon:kdcn,11.16,*
nlon:ElectronicJournal,16901548,nlon:currentPublicationFrequency,10.99,*
nlon:ElectronicJournal,16901548,nlon:languageNote,10.79,*
nlon:ElectronicJournal,16901548,nlon:restriction,10.44,*
nlon:OfflineMaterial,7144183,nlon:datePublished,100.0,+
nlon:OfflineMaterial,7144183,dcterms:title,100.0,*
nlon:OfflineMaterial,7144183,rdfs:label,100.0,*
nlon:OfflineMaterial,7144183,bibframe:extent,99.99,*
nlon:OfflineMaterial,7144183,nlon:classificationNumberOfNLK,99.98,*
nlon:OfflineMaterial,7144183,nlon:itemNumberOfNLK,99.98,*
nlon:OfflineMaterial,7144183,bibframe:language,99.63,*
nlon:OfflineMaterial,7144183,bibframe:place,99.63,*
nlon:OfflineMaterial,7144183,nlon:issuedYear,99.47,*
nlon:OfflineMaterial,7144183,dc:creator,85.04,*
nlon:OfflineMaterial,7144183,nlon:typeOfData,83.2,*
nlon:OfflineMaterial,7144183,dcterms:issued,83.18,*
nlon:OfflineMaterial,7144183,dc:publisher,83.12,*
nlon:OfflineMaterial,7144183,nlon:localHolding,82.01,*
nlon:OfflineMaterial,7144183,nlon:publicationPlace,81.69,*
nlon:OfflineMaterial,7144183,nlon:kdc,65.91,*
nlon:OfflineMaterial,7144183,nlon:editionOfKDC,64.58,*
nlon:OfflineMaterial,7144183,nlon:ddc,60.17,*
nlon:OfflineMaterial,7144183,nlon:editionOfDDC,59.13,*
nlon:OfflineMaterial,7144183,nlon:kdcn,56.7,*
nlon:OfflineMaterial,7144183,dcterms:description,50.02,*
nlon:OfflineMaterial,7144183,nlon:keyword,48.58,*
nlon:OfflineMaterial,7144183,dcterms:creator,43.95,*
nlon:OfflineMaterial,7144183,dcterms:language,42.46,*
nlon:OfflineMaterial,7144183,bibo:isbn,33.27,*
nlon:OfflineMaterial,7144183,nlon:bibliography,30.34,*
nlon:OfflineMaterial,7144183,nlon:remainderOfTitle,29.82,*
nlon:OfflineMaterial,7144183,nlon:volumeOfNLK,29.75,*
nlon:OfflineMaterial,7144183,nlon:ddcn,28.85,*
nlon:OfflineMaterial,7144183,dcterms:subject,28.22,*
nlon:OfflineMaterial,7144183,nlon:degreeYear,26.16,*
nlon:OfflineMaterial,7144183,bibo:degree,26.07,*
nlon:OfflineMaterial,7144183,nlon:department,25.36,*
nlon:OfflineMaterial,7144183,dcterms:alternative,24.57,*
nlon:OfflineMaterial,7144183,rdfs:seeAlso,18.58,*
nlon:OfflineMaterial,7144183,nlon:titleOfSeries,18.5,*
nlon:OfflineMaterial,7144183,nlon:languageNote,18.4,*
nlon:OfflineMaterial,7144183,dcterms:isPartOf,16.95,*
nlon:OfflineMaterial,7144183,nlon:containedIn,16.8,*
nlon:OfflineMaterial,7144183,owl:sameAs,15.46,*
nlon:OfflineMaterial,7144183,nlon:biographicalNote,14.32,*
nlon:OfflineMaterial,7144183,nlon:volumeOfSeries,13.12,*
nlon:OfflineMaterial,7144183,bibo:abstract,10.14,*
nlon:Book,6845116,nlon:datePublished,100.0,+
nlon:Book,6845116,dcterms:title,100.0,*
nlon:Book,6845116,rdfs:label,100.0,*
nlon:Book,6845116,bibframe:extent,99.99,*
nlon:Book,6845116,nlon:classificationNumberOfNLK,99.98,*
nlon:Book,6845116,nlon:itemNumberOfNLK,99.97,*
nlon:Book,6845116,bibframe:language,99.87,*
nlon:Book,6845116,bibframe:place,99.87,*
nlon:Book,6845116,nlon:issuedYear,99.47,*
nlon:Book,6845116,dc:creator,85.58,*
nlon:Book,6845116,nlon:typeOfData,82.47,*
nlon:Book,6845116,dcterms:issued,82.44,*
nlon:Book,6845116,dc:publisher,82.39,*
nlon:Book,6845116,nlon:localHolding,81.22,*
nlon:Book,6845116,nlon:publicationPlace,80.9,*
nlon:Book,6845116,nlon:kdc,64.46,*
nlon:Book,6845116,nlon:editionOfKDC,63.57,*
nlon:Book,6845116,nlon:ddc,62.75,*
nlon:Book,6845116,nlon:editionOfDDC,61.66,*
nlon:Book,6845116,nlon:kdcn,55.4,*
nlon:Book,6845116,dcterms:description,48.56,*
nlon:Book,6845116,nlon:keyword,48.28,*
nlon:Book,6845116,dcterms:language,43.73,*
nlon:Book,6845116,dcterms:creator,42.92,*
nlon:Book,6845116,bibo:isbn,34.36,*
nlon:Book,6845116,nlon:bibliography,31.65,*
nlon:Book,6845116,nlon:remainderOfTitle,30.4,*
nlon:Book,6845116,nlon:ddcn,30.1,*
nlon:Book,6845116,nlon:volumeOfNLK,29.9,*
nlon:Book,6845116,dcterms:subject,28.19,*
nlon:Book,6845116,nlon:degreeYear,27.3,*
nlon:Book,6845116,bibo:degree,27.21,*
nlon:Book,6845116,nlon:department,26.47,*
nlon:Book,6845116,dcterms:alternative,23.68,*
nlon:Book,6845116,rdfs:seeAlso,19.22,*
nlon:Book,6845116,nlon:titleOfSeries,18.94,*
nlon:Book,6845116,nlon:languageNote,18.58,*
nlon:Book,6845116,dcterms:isPartOf,17.69,*
nlon:Book,6845116,nlon:containedIn,17.53,*
nlon:Book,6845116,owl:sameAs,16.11,*
nlon:Book,6845116,nlon:biographicalNote,14.95,*
nlon:Book,6845116,nlon:volumeOfSeries,13.56,*
nlon:Book,6845116,bibo:abstract,10.58,*
bibo:Book,3588544,bibframe:extent,100.0,*
bibo:Book,3588544,nlon:classificationNumberOfNLK,100.0,*
bibo:Book,3588544,nlon:datePublished,100.0,+
bibo:Book,3588544,nlon:itemNumberOfNLK,100.0,*
bibo:Book,3588544,nlon:localHolding,100.0,*
bibo:Book,3588544,nlon:typeOfData,100.0,?
bibo:Book,3588544,dcterms:title,100.0,*
bibo:Book,3588544,rdfs:label,100.0,1
bibo:Book,3588544,dcterms:issued,99.96,*
bibo:Book,3588544,bibframe:language,99.94,?
bibo:Book,3588544,bibframe:place,99.94,?
bibo:Book,3588544,nlon:issuedYear,99.88,?
bibo:Book,3588544,dc:publisher,99.87,*
bibo:Book,3588544,nlon:publicationPlace,97.02,*
bibo:Book,3588544,dc:creator,75.73,*
bibo:Book,3588544,nlon:kdc,70.79,*
bibo:Book,3588544,nlon:editionOfKDC,69.68,*
bibo:Book,3588544,nlon:ddc,68.3,*
bibo:Book,3588544,nlon:editionOfDDC,66.58,*
bibo:Book,3588544,bibo:isbn,65.51,*
bibo:Book,3588544,nlon:kdcn,62.6,*
bibo:Book,3588544,dcterms:creator,56.33,*
bibo:Book,3588544,dcterms:subject,52.06,*
bibo:Book,3588544,dcterms:description,42.41,*
bibo:Book,3588544,nlon:remainderOfTitle,41.52,*
bibo:Book,3588544,dcterms:alternative,38.39,*
bibo:Book,3588544,rdfs:seeAlso,36.67,*
bibo:Book,3588544,nlon:titleOfSeries,36.08,*
bibo:Book,3588544,nlon:ddcn,31.76,*
bibo:Book,3588544,nlon:keyword,31.14,*
bibo:Book,3588544,nlon:bibliography,29.48,*
bibo:Book,3588544,nlon:volumeOfSeries,25.86,*
bibo:Book,3588544,nlon:volumeOfNLK,20.99,*
bibo:Book,3588544,dcterms:language,17.22,*
bibo:Book,3588544,owl:sameAs,14.88,*
bibo:Book,3588544,nlon:uniformTitleOfSeries,14.22,*
bibo:Book,3588544,nlon:languageNote,11.29,*
bibo:Book,3588544,bibo:volume,10.27,*
nlon:ElectronicBook,2895364,nlon:datePublished,100.0,1
nlon:ElectronicBook,2895364,rdfs:label,99.99,?
nlon:ElectronicBook,2895364,nlon:genre,99.94,?
nlon:ElectronicBook,2895364,dc:publisher,99.2,*
nlon:ElectronicBook,2895364,bibframe:extent,98.93,*
nlon:ElectronicBook,2895364,dcterms:accessRights,98.59,*
nlon:ElectronicBook,2895364,nlon:publicationPlace,98.28,*
nlon:ElectronicBook,2895364,dcterms:title,97.25,*
nlon:ElectronicBook,2895364,nlon:typeOfResource,97.22,?
nlon:ElectronicBook,2895364,nlon:audienceNote,94.36,*
nlon:ElectronicBook,2895364,nlon:antecedentSource,78.19,?
nlon:ElectronicBook,2895364,nlon:medium,78.07,*
nlon:ElectronicBook,2895364,dc:format,78.06,*
nlon:ElectronicBook,2895364,dcterms:issued,77.77,*
nlon:ElectronicBook,2895364,dc:creator,63.81,*
nlon:ElectronicBook,2895364,nlon:kdc,62.19,*
nlon:ElectronicBook,2895364,nlon:kdcn,61.38,*
nlon:ElectronicBook,2895364,dcterms:creator,57.94,*
nlon:ElectronicBook,2895364,nlon:holdingInstitution,54.36,?
nlon:ElectronicBook,2895364,nlon:uci,53.91,*
nlon:ElectronicBook,2895364,dcterms:subject,48.8,*
nlon:ElectronicBook,2895364,nlon:restriction,47.85,*
nlon:ElectronicBook,2895364,dcterms:hasFormat,47.27,*
nlon:ElectronicBook,2895364,dcterms:description,43.1,*
nlon:ElectronicBook,2895364,dcterms:identifier,38.65,*
nlon:ElectronicBook,2895364,nlon:keyword,36.0,*
nlon:ElectronicBook,2895364,dcterms:alternative,31.17,*
nlon:ElectronicBook,2895364,nlon:remainderOfTitle,31.01,*
nlon:ElectronicBook,2895364,bibo:isbn,30.25,*
nlon:ElectronicBook,2895364,nlon:bibliography,21.59,*
nlon:ElectronicBook,2895364,nlon:titleOfSeries,21.44,*
nlon:ElectronicBook,2895364,nlon:uniformTitleOfSeries,21.44,*
nlon:ElectronicBook,2895364,nlon:ddc,21.05,*
nlon:ElectronicBook,2895364,nlon:ddcn,20.9,*
nlon:ElectronicBook,2895364,nlon:languageNote,16.76,*
nlon:ElectronicBook,2895364,bibo:volume,15.38,*
nlon:ElectronicBook,2895364,dcterms:tableOfContents,12.83,*
nlon:ElectronicBook,2895364,nlon:reproductionNote,11.94,*
nlon:ElectronicBook,2895364,bibo:degree,10.23,?
bibo:Thesis,1869680,bibframe:extent,100.0,*
bibo:Thesis,1869680,nlon:classificationNumberOfNLK,100.0,+
bibo:Thesis,1869680,nlon:datePublished,100.0,+
bibo:Thesis,1869680,nlon:itemNumberOfNLK,100.0,+
bibo:Thesis,1869680,nlon:localHolding,100.0,*
bibo:Thesis,1869680,nlon:typeOfData,100.0,1
bibo:Thesis,1869680,dcterms:title,100.0,+
bibo:Thesis,1869680,rdfs:label,100.0,1
bibo:Thesis,1869680,nlon:issuedYear,99.99,*
bibo:Thesis,1869680,dc:publisher,99.99,*
bibo:Thesis,1869680,dcterms:issued,99.99,*
bibo:Thesis,1869680,bibframe:language,99.98,*
bibo:Thesis,1869680,bibframe:place,99.98,*
bibo:Thesis,1869680,nlon:publicationPlace,99.98,*
bibo:Thesis,1869680,dc:creator,99.98,*
bibo:Thesis,1869680,nlon:degreeYear,99.9,*
bibo:Thesis,1869680,bibo:degree,99.57,*
bibo:Thesis,1869680,nlon:ddc,98.07,*
bibo:Thesis,1869680,nlon:editionOfDDC,97.51,*
bibo:Thesis,1869680,nlon:department,96.89,*
bibo:Thesis,1869680,nlon:kdc,96.42,*
bibo:Thesis,1869680,nlon:editionOfKDC,96.32,*
bibo:Thesis,1869680,dcterms:language,90.04,*
bibo:Thesis,1869680,nlon:kdcn,80.07,*
bibo:Thesis,1869680,nlon:bibliography,59.27,*
bibo:Thesis,1869680,nlon:ddcn,49.12,*
bibo:Thesis,1869680,nlon:keyword,46.13,*
bibo:Thesis,1869680,dcterms:description,45.98,*
bibo:Thesis,1869680,nlon:languageNote,44.8,*
bibo:Thesis,1869680,owl:sameAs,29.51,*
bibo:Thesis,1869680,dcterms:creator,29.3,*
bibo:Thesis,1869680,nlon:remainderOfTitle,20.57,*
bibo:Thesis,1869680,dcterms:identifier,18.71,*
nlon:Author,1618009,nlon:create,100.0,+
nlon:Author,1618009,dcterms:modified,100.0,+
nlon:Author,1618009,rdfs:label,100.0,+
nlon:Author,1618009,skos:prefLabel,100.0,1
nlon:Author,1618009,foaf:name,100.0,1
nlon:Author,1618009,nlon:fieldOfActivity,99.99,*
nlon:Author,1618009,nlon:associatedLanguage,99.95,*
nlon:Author,1618009,dc:source,99.92,*
nlon:Author,1618009,http://schema.org/jobTitle,92.74,*
nlon:Author,1618009,owl:sameAs,81.52,*
nlon:Author,1618009,nlon:isni,75.93,*
nlon:Author,1618009,skos:altLabel,66.22,*
nlon:Author,1618009,nlon:corporateName,60.2,*
nlon:Author,1618009,http://schema.org/gender,51.33,?
nlon:Author,1618009,nlon:birthYear,32.51,?
bibo:Article,1200240,bibframe:extent,100.0,*
bibo:Article,1200240,nlon:classificationNumberOfNLK,100.0,*
bibo:Article,1200240,nlon:containedIn,100.0,*
bibo:Article,1200240,nlon:datePublished,100.0,1
bibo:Article,1200240,nlon:issuedYear,100.0,*
bibo:Article,1200240,nlon:itemNumberOfNLK,100.0,*
bibo:Article,1200240,dcterms:isPartOf,100.0,*
bibo:Article,1200240,dcterms:title,100.0,*
bibo:Article,1200240,rdfs:label,100.0,*
bibo:Article,1200240,dc:creator,99.79,*
bibo:Article,1200240,bibframe:language,99.5,*
bibo:Article,1200240,bibframe:place,99.5,*
bibo:Article,1200240,nlon:volumeOfNLK,99.28,*
bibo:Article,1200240,nlon:keyword,97.46,*
bibo:Article,1200240,nlon:biographicalNote,85.24,*
bibo:Article,1200240,dcterms:description,69.45,*
bibo:Article,1200240,bibo:abstract,60.33,*
bibo:Article,1200240,dcterms:language,57.55,*
bibo:Article,1200240,dcterms:creator,30.22,*
bibo:Article,1200240,dcterms:tableOfContents,21.14,*
bibo:Article,1200240,nlon:remainderOfTitle,15.95,*
bibo:Website,698310,nlon:datePublished,100.0,1
bibo:Website,698310,dcterms:identifier,99.84,*
bibo:Website,698310,dcterms:accessRights,99.27,?
bibo:Website,698310,dcterms:title,98.49,*
bibo:Website,698310,rdfs:label,98.49,?
bibo:Website,698310,nlon:genre,96.58,?
bibo:Website,698310,nlon:publicationPlace,86.9,*
bibo:Website,698310,nlon:audienceNote,86.7,?
bibo:Website,698310,dc:publisher,77.88,*
bibo:Website,698310,nlon:uci,68.89,?
bibo:Website,698310,nlon:holdingInstitution,52.18,?
bibo:Website,698310,dcterms:abstract,47.26,*
bibo:Website,698310,nlon:restriction,41.84,*
bibo:Website,698310,nlon:antecedentSource,39.95,?
bibo:Website,698310,nlon:medium,38.44,?
bibo:Website,698310,dc:format,38.43,?
bibo:Website,698310,dcterms:issued,31.98,*
bibo:Website,698310,dcterms:subject,31.66,*
bibo:Website,698310,nlon:currentPublicationFrequency,31.46,?
bibo:Website,698310,dcterms:tableOfContents,25.21,*
bibo:Website,698310,nlon:keyword,24.71,*
bibo:Website,698310,dc:creator,23.28,*
bibo:Website,698310,nlon:kdc,22.96,*
bibo:Website,698310,nlon:kdcn,22.96,*
nlon:Sound,626033,nlon:datePublished,100.0,1
nlon:Sound,626033,nlon:genre,100.0,?
nlon:Sound,626033,nlon:typeOfResource,100.0,?
nlon:Sound,626033,dcterms:title,100.0,*
nlon:Sound,626033,rdfs:label,100.0,?
nlon:Sound,626033,nlon:antecedentSource,99.99,?
nlon:Sound,626033,nlon:medium,99.99,?
nlon:Sound,626033,bibframe:extent,99.98,*
nlon:Sound,626033,dc:format,99.97,*
nlon:Sound,626033,dcterms:accessRights,99.9,*
nlon:Sound,626033,nlon:audienceNote,99.51,?
nlon:Sound,626033,dcterms:subject,96.3,*
nlon:Sound,626033,dcterms:issued,85.49,*
nlon:Sound,626033,nlon:kdc,77.14,*
nlon:Sound,626033,dcterms:creator,77.06,*
nlon:Sound,626033,nlon:kdcn,76.85,*
nlon:Sound,626033,dc:creator,68.72,*
nlon:Sound,626033,nlon:newsGenre,67.29,?
nlon:Sound,626033,nlon:languageNote,55.87,?
nlon:Sound,626033,nlon:publicationPlace,44.53,*
nlon:Sound,626033,nlon:holdingInstitution,43.08,?
nlon:Sound,626033,dc:publisher,40.3,*
nlon:Sound,626033,dcterms:description,39.27,*
nlon:Sound,626033,nlon:restriction,39.24,?
nlon:Sound,626033,nlon:relatedParts,32.5,*
nlon:Sound,626033,nlon:titleOfHostItem,31.92,*
nlon:Sound,626033,dcterms:abstract,24.98,?
nlon:Sound,626033,nlon:remainderOfTitle,14.93,*
nlon:Sound,626033,dcterms:hasFormat,12.47,*
nlon:Sound,626033,dcterms:created,11.2,*
nlon:Sound,626033,dcterms:identifier,10.13,*
nlon:Concept,515412,rdfs:label,100.0,*
nlon:Concept,515412,owl:sameAs,100.0,*
nlon:Concept,515412,skos:inScheme,50.0,?
nlon:Concept,515412,skos:broader,33.31,*
nlon:Concept,515412,skos:related,31.58,*
nlon:Concept,515412,skos:prefLabel,27.62,*
nlon:Concept,515412,skos:altLabel,27.38,*
nlon:Concept,515412,nlon:isSubjectOf,20.11,*
nlon:NonBook,299070,nlon:classificationNumberOfNLK,100.0,*
nlon:NonBook,299070,nlon:datePublished,100.0,+
nlon:NonBook,299070,nlon:itemNumberOfNLK,100.0,*
nlon:NonBook,299070,nlon:localHolding,100.0,*
nlon:NonBook,299070,nlon:typeOfData,100.0,?
nlon:NonBook,299070,dcterms:title,100.0,*
nlon:NonBook,299070,rdfs:label,100.0,1
nlon:NonBook,299070,bibframe:extent,99.99,*
nlon:NonBook,299070,dcterms:issued,99.99,*
nlon:NonBook,299070,nlon:publicationPlace,99.97,*
nlon:NonBook,299070,dc:publisher,99.92,*
nlon:NonBook,299070,nlon:medium,99.69,?
nlon:NonBook,299070,nlon:issuedYear,99.53,?
nlon:NonBook,299070,nlon:kdc,99.09,*
nlon:NonBook,299070,bibframe:language,94.18,*
nlon:NonBook,299070,bibframe:place,94.18,?
nlon:NonBook,299070,nlon:editionOfKDC,87.65,*
nlon:NonBook,299070,nlon:kdcn,86.46,*
nlon:NonBook,299070,dcterms:description,83.4,*
nlon:NonBook,299070,dc:creator,72.67,*
nlon:NonBook,299070,dcterms:creator,67.6,*
nlon:NonBook,299070,nlon:keyword,55.42,*
nlon:NonBook,299070,dcterms:alternative,44.89,*
nlon:NonBook,299070,dcterms:tableOfContents,33.34,*
nlon:NonBook,299070,dcterms:subject,28.84,*
nlon:NonBook,299070,dcterms:requires,28.35,*
nlon:NonBook,299070,nlon:volumeOfNLK,26.18,*
nlon:NonBook,299070,dc:format,23.9,?
nlon:NonBook,299070,bibo:volume,20.39,*
nlon:NonBook,299070,nlon:remainderOfTitle,16.59,*
nlon:NonBook,299070,nlon:languageNote,14.29,*
nlon:NonBook,299070,dcterms:language,13.46,*
nlon:NonBook,299070,nlon:audienceNote,12.53,*
nlon:NonBook,299070,dcterms:identifier,10.42,*
bibo:Image,246414,nlon:datePublished,100.0,1
bibo:Image,246414,nlon:typeOfResource,100.0,?
bibo:Image,246414,nlon:publicationPlace,99.95,*
bibo:Image,246414,dcterms:title,99.92,*
bibo:Image,246414,rdfs:label,99.92,?
bibo:Image,246414,nlon:genre,99.44,?
bibo:Image,246414,dc:publisher,97.37,*
bibo:Image,246414,dcterms:accessRights,91.11,?
bibo:Image,246414,bibframe:extent,85.87,*
bibo:Image,246414,nlon:medium,85.31,?
bibo:Image,246414,nlon:audienceNote,85.26,?
bibo:Image,246414,nlon:antecedentSource,85.25,?
bibo:Image,246414,dc:format,85.18,?
bibo:Image,246414,nlon:holdingInstitution,85.03,?
bibo:Image,246414,nlon:kdc,68.66,*
bibo:Image,246414,nlon:kdcn,68.65,*
bibo:Image,246414,dcterms:description,63.74,*
bibo:Image,246414,dcterms:identifier,54.4,*
bibo:Image,246414,nlon:keyword,53.54,*
bibo:Image,246414,dcterms:creator,51.76,*
bibo:Image,246414,nlon:uci,49.05,?
bibo:Image,246414,dcterms:issued,43.08,*
bibo:Image,246414,nlon:restriction,39.68,?
bibo:Image,246414,dcterms:subject,38.68,*
bibo:Image,246414,nlon:titleOfHostItem,36.8,?
bibo:Image,246414,nlon:remainderOfTitle,26.88,*
bibo:Image,246414,dcterms:abstract,20.26,?
bibo:Image,246414,nlon:locationNote,18.02,?
bibo:Image,246414,dc:creator,16.62,*
bibo:Image,246414,nlon:languageNote,15.7,*
bibo:Image,246414,nlon:titleOfSeries,12.33,*
bibo:Image,246414,nlon:uniformTitleOfSeries,12.33,*
bibo:Image,246414,dcterms:alternative,10.47,*
nlon:VideoDocument,227144,bibframe:extent,100.0,*
nlon:VideoDocument,227144,nlon:antecedentSource,100.0,?
nlon:VideoDocument,227144,nlon:datePublished,100.0,1
nlon:VideoDocument,227144,nlon:genre,100.0,1
nlon:VideoDocument,227144,nlon:medium,100.0,+
nlon:VideoDocument,227144,nlon:publicationPlace,100.0,+
nlon:VideoDocument,227144,nlon:typeOfResource,100.0,1
nlon:VideoDocument,227144,dcterms:title,100.0,+
nlon:VideoDocument,227144,rdfs:label,100.0,1
nlon:VideoDocument,227144,dc:publisher,99.89,*
nlon:VideoDocument,227144,dc:format,97.9,*
nlon:VideoDocument,227144,dcterms:accessRights,97.68,*
nlon:VideoDocument,227144,nlon:holdingInstitution,97.54,?
nlon:VideoDocument,227144,dcterms:issued,95.73,*
nlon:VideoDocument,227144,nlon:audienceNote,92.0,?
nlon:VideoDocument,227144,bibo:volume,85.16,*
nlon:VideoDocument,227144,nlon:remainderOfTitle,58.94,*
nlon:VideoDocument,227144,nlon:keyword,55.17,*
nlon:VideoDocument,227144,dcterms:identifier,47.21,*
nlon:VideoDocument,227144,dcterms:subject,42.55,*
nlon:VideoDocument,227144,dcterms:abstract,41.54,*
nlon:VideoDocument,227144,nlon:kdc,37.14,*
nlon:VideoDocument,227144,nlon:kdcn,37.14,*
nlon:VideoDocument,227144,nlon:restriction,36.63,?
nlon:VideoDocument,227144,dc:relation,33.47,?
nlon:VideoDocument,227144,nlon:uci,31.01,?
nlon:VideoDocument,227144,dcterms:creator,20.95,*
nlon:VideoDocument,227144,dcterms:tableOfContents,19.28,?
nlon:VideoDocument,227144,dcterms:requires,14.18,?
nlon:VideoDocument,227144,dcterms:description,13.24,*
nlon:DigitalizedScore,104007,nlon:datePublished,100.0,1
nlon:DigitalizedScore,104007,nlon:publicationPlace,100.0,*
nlon:DigitalizedScore,104007,dcterms:accessRights,100.0,1
nlon:DigitalizedScore,104007,dcterms:title,100.0,*
nlon:DigitalizedScore,104007,rdfs:label,100.0,1
nlon:DigitalizedScore,104007,bibframe:extent,99.99,?
nlon:DigitalizedScore,104007,dc:publisher,99.87,*
nlon:DigitalizedScore,104007,nlon:genre,99.83,?
nlon:DigitalizedScore,104007,nlon:kdc,98.75,*
nlon:DigitalizedScore,104007,nlon:medium,98.54,?
nlon:DigitalizedScore,104007,nlon:kdcn,98.21,*
nlon:DigitalizedScore,104007,dcterms:issued,96.8,*
nlon:DigitalizedScore,104007,nlon:uci,96.71,?
nlon:DigitalizedScore,104007,dcterms:hasFormat,96.67,*
nlon:DigitalizedScore,104007,nlon:typeOfResource,95.96,?
nlon:DigitalizedScore,104007,nlon:keyword,95.56,*
nlon:DigitalizedScore,104007,dc:creator,95.04,*
nlon:DigitalizedScore,104007,dcterms:description,82.02,*
nlon:DigitalizedScore,104007,dcterms:creator,65.97,*
nlon:Score,103492,bibframe:extent,100.0,*
nlon:Score,103492,nlon:classificationNumberOfNLK,100.0,+
nlon:Score,103492,nlon:datePublished,100.0,+
nlon:Score,103492,nlon:itemNumberOfNLK,100.0,*
nlon:Score,103492,nlon:localHolding,100.0,+
nlon:Score,103492,nlon:publicationPlace,100.0,+
nlon:Score,103492,nlon:typeOfData,100.0,1
nlon:Score,103492,dcterms:issued,100.0,*
nlon:Score,103492,dcterms:title,100.0,+
nlon:Score,103492,rdfs:label,100.0,1
nlon:Score,103492,nlon:issuedYear,99.97,?
nlon:Score,103492,nlon:kdc,99.9,*
nlon:Score,103492,dc:publisher,99.87,*
nlon:Score,103492,nlon:medium,99.6,?
nlon:Score,103492,nlon:editionOfKDC,98.91,?
nlon:Score,103492,nlon:kdcn,98.81,?
nlon:Score,103492,nlon:keyword,96.97,*
nlon:Score,103492,dc:creator,95.84,*
nlon:Score,103492,bibframe:language,87.74,*
nlon:Score,103492,bibframe:place,87.74,?
nlon:Score,103492,dcterms:description,83.17,*
nlon:Score,103492,dcterms:creator,70.67,*
nlon:Score,103492,nlon:volumeOfNLK,15.29,*
nlon:Score,103492,nlon:linkingEntryComplexityNote,13.95,?
nlon:Score,103492,nlon:titleOfAdditionalPhysicalForm,13.94,?
nlon:Score,103492,dcterms:alternative,10.38,*
nlon:OldBook,101452,bibframe:extent,100.0,*
nlon:OldBook,101452,nlon:classificationNumberOfNLK,100.0,+
nlon:OldBook,101452,nlon:datePublished,100.0,1
nlon:OldBook,101452,nlon:itemNumberOfNLK,100.0,+
nlon:OldBook,101452,nlon:localHolding,100.0,*
nlon:OldBook,101452,nlon:typeOfData,100.0,?
nlon:OldBook,101452,dcterms:title,100.0,+
nlon:OldBook,101452,rdfs:label,100.0,1
nlon:OldBook,101452,nlon:otherNumber,99.99,*
nlon:OldBook,101452,dcterms:issued,99.93,*
nlon:OldBook,101452,dc:publisher,99.91,*
nlon:OldBook,101452,nlon:publicationPlace,99.9,*
nlon:OldBook,101452,bibframe:language,99.75,?
nlon:OldBook,101452,bibframe:place,99.75,?
nlon:OldBook,101452,nlon:sourceOfOtherNumber,92.72,?
nlon:OldBook,101452,nlon:keyword,89.27,*
nlon:OldBook,101452,bibo:edition,87.83,?
nlon:OldBook,101452,dcterms:description,72.9,*
nlon:OldBook,101452,dc:creator,72.08,*
nlon:OldBook,101452,nlon:issuedYear,68.61,?
nlon:OldBook,101452,nlon:holdingItemNote,42.28,*
nlon:OldBook,101452,dcterms:subject,23.92,*
nlon:OldBook,101452,dcterms:alternative,20.92,*
nlon:OldBook,101452,nlon:volumeOfNLK,20.66,*
nlon:OldBook,101452,bibo:volume,16.54,*
nlon:OldBook,101452,dcterms:abstract,16.37,*
bibo:AudioDocument,91992,nlon:classificationNumberOfNLK,100.0,*
bibo:AudioDocument,91992,nlon:datePublished,100.0,1
bibo:AudioDocument,91992,nlon:itemNumberOfNLK,100.0,*
bibo:AudioDocument,91992,nlon:localHolding,100.0,+
bibo:AudioDocument,91992,nlon:publicationPlace,100.0,*
bibo:AudioDocument,91992,nlon:typeOfData,100.0,?
bibo:AudioDocument,91992,dcterms:title,100.0,*
bibo:AudioDocument,91992,rdfs:label,100.0,1
bibo:AudioDocument,91992,bibframe:extent,99.99,*
bibo:AudioDocument,91992,dc:publisher,99.99,*
bibo:AudioDocument,91992,dcterms:issued,99.99,*
bibo:AudioDocument,91992,nlon:medium,99.96,?
bibo:AudioDocument,91992,nlon:kdc,99.94,*
bibo:AudioDocument,91992,nlon:issuedYear,99.34,?
bibo:AudioDocument,91992,bibframe:language,95.37,?
bibo:AudioDocument,91992,bibframe:place,95.37,?
bibo:AudioDocument,91992,dcterms:description,91.5,*
bibo:AudioDocument,91992,nlon:editionOfKDC,82.28,?
bibo:AudioDocument,91992,nlon:kdcn,80.96,*
bibo:AudioDocument,91992,dc:creator,77.2,*
bibo:AudioDocument,91992,dcterms:tableOfContents,69.8,*
bibo:AudioDocument,91992,dcterms:alternative,63.57,*
bibo:AudioDocument,91992,dcterms:creator,63.43,*
bibo:AudioDocument,91992,dcterms:subject,54.27,*
bibo:AudioDocument,91992,nlon:keyword,30.01,*
bibo:AudioDocument,91992,nlon:remainderOfTitle,24.19,*
bibo:AudioDocument,91992,nlon:volumeOfNLK,23.23,?
bibo:AudioDocument,91992,bibo:volume,22.67,*
bibo:AudioDocument,91992,nlon:languageNote,17.3,*
bibo:AudioDocument,91992,bibo:isbn,13.16,*
bibo:AudioDocument,91992,dcterms:requires,10.14,*
bibo:Periodical,85200,nlon:datePublished,100.0,1
bibo:Periodical,85200,nlon:issuedYear,100.0,*
bibo:Periodical,85200,dcterms:title,100.0,*
bibo:Periodical,85200,rdfs:label,100.0,*
bibo:Periodical,85200,nlon:typeOfData,99.99,*
bibo:Periodical,85200,dcterms:issued,99.91,*
bibo:Periodical,85200,nlon:typeOfContinuousData,99.89,?
bibo:Periodical,85200,nlon:typeOfPublicationStatus,99.87,*
bibo:Periodical,85200,nlon:publicationPlace,99.82,*
bibo:Periodical,85200,dc:publisher,99.77,*
bibo:Periodical,85200,bibframe:language,99.71,*
bibo:Periodical,85200,bibframe:place,99.71,*
bibo:Periodical,85200,bibframe:extent,99.61,*
bibo:Periodical,85200,nlon:currentPublicationFrequency,98.62,*
bibo:Periodical,85200,nlon:classificationNumberOfNLK,98.21,*
bibo:Periodical,85200,nlon:itemNumberOfNLK,98.19,*
bibo:Periodical,85200,nlon:typeOfPublicationFrequency,97.59,*
bibo:Periodical,85200,nlon:volumeOfNLK,94.25,*
bibo:Periodical,85200,nlon:kdc,80.77,*
bibo:Periodical,85200,nlon:keyword,75.69,*
bibo:Periodical,85200,nlon:dateOfPublicationSequentialDesignation,73.98,*
bibo:Periodical,85200,nlon:editionOfKDC,58.98,*
bibo:Periodical,85200,nlon:kdcn,57.47,*
bibo:Periodical,85200,dcterms:description,40.79,*
bibo:Periodical,85200,dcterms:alternative,28.05,*
bibo:Periodical,85200,bibo:issn,27.38,*
bibo:Periodical,85200,dcterms:identifier,20.51,*
bibo:Periodical,85200,owl:sameAs,19.94,*
bibo:Periodical,85200,nlon:issuingBodyNote,19.76,*
bibo:Periodical,85200,nlon:relatedParts,17.09,*
bibo:Periodical,85200,nlon:numberingPeculiaritiesNote,14.14,*
bibo:Periodical,85200,nlon:governmentPublisher,13.32,?
bibo:Periodical,85200,nlon:ddc,12.68,*
bibo:AudioVisualDocument,71662,bibframe:extent,100.0,*
bibo:AudioVisualDocument,71662,nlon:classificationNumberOfNLK,100.0,+
bibo:AudioVisualDocument,71662,nlon:datePublished,100.0,1
bibo:AudioVisualDocument,71662,nlon:itemNumberOfNLK,100.0,+
bibo:AudioVisualDocument,71662,nlon:localHolding,100.0,+
bibo:AudioVisualDocument,71662,nlon:typeOfData,100.0,?
bibo:AudioVisualDocument,71662,dcterms:title,100.0,+
bibo:AudioVisualDocument,71662,rdfs:label,100.0,1
bibo:AudioVisualDocument,71662,dcterms:issued,99.99,*
bibo:AudioVisualDocument,71662,nlon:publicationPlace,99.88,*
bibo:AudioVisualDocument,71662,dc:publisher,99.88,*
bibo:AudioVisualDocument,71662,nlon:medium,99.77,?
bibo:AudioVisualDocument,71662,dc:format,99.75,?
bibo:AudioVisualDocument,71662,nlon:issuedYear,99.41,?
bibo:AudioVisualDocument,71662,bibframe:language,99.38,?
bibo:AudioVisualDocument,71662,bibframe:place,99.38,?
bibo:AudioVisualDocument,71662,nlon:kdc,96.87,*
bibo:AudioVisualDocument,71662,dcterms:requires,92.9,*
bibo:AudioVisualDocument,71662,nlon:editionOfKDC,78.52,*
bibo:AudioVisualDocument,71662,nlon:kdcn,76.5,*
bibo:AudioVisualDocument,71662,dcterms:description,76.26,*
bibo:AudioVisualDocument,71662,dcterms:alternative,72.22,*
bibo:AudioVisualDocument,71662,dcterms:creator,71.98,*
bibo:AudioVisualDocument,71662,dc:creator,53.61,*
bibo:AudioVisualDocument,71662,nlon:audienceNote,44.32,*
bibo:AudioVisualDocument,71662,nlon:volumeOfNLK,41.01,*
bibo:AudioVisualDocument,71662,bibo:volume,38.1,*
bibo:AudioVisualDocument,71662,dcterms:tableOfContents,37.99,*
bibo:AudioVisualDocument,71662,dcterms:language,37.85,*
bibo:AudioVisualDocument,71662,dcterms:subject,36.73,*
bibo:AudioVisualDocument,71662,nlon:languageNote,30.8,*
bibo:AudioVisualDocument,71662,nlon:keyword,30.23,*
bibo:AudioVisualDocument,71662,dcterms:abstract,27.47,*
bibo:AudioVisualDocument,71662,dcterms:identifier,20.91,*
bibo:AudioVisualDocument,71662,nlon:remainderOfTitle,18.48,*
bibo:AudioVisualDocument,71662,nlon:titleOfSeries,12.4,*
nlon:Library,28108,nlon:libraryType,100.0,1
nlon:Library,28108,dcterms:identifier,100.0,1
nlon:Library,28108,dcterms:subject,100.0,1
nlon:Library,28108,rdfs:label,100.0,1
nlon:Library,28108,http://www.w3.org/2003/01/geo/wgs84_pos#location,100.0,1
nlon:Library,28108,nlon:keyword,96.45,*
nlon:Library,28108,foaf:phone,95.38,?
nlon:Library,28108,nlon:isClosed,73.59,?
nlon:Library,28108,http://schema.org/faxNumber,54.39,?
nlon:Library,28108,foaf:homepage,53.85,*
nlon:Library,28108,nlon:dateOfOpening,52.13,?
nlon:Library,28108,nlon:openingYear,47.52,?
nlon:Library,28108,nlon:dateOfClosed,23.79,?
nlon:ElectronicDocument,21143,nlon:classificationNumberOfNLK,100.0,+
nlon:ElectronicDocument,21143,nlon:datePublished,100.0,1
nlon:ElectronicDocument,21143,nlon:itemNumberOfNLK,100.0,+
nlon:ElectronicDocument,21143,nlon:typeOfData,100.0,1
nlon:ElectronicDocument,21143,dcterms:title,100.0,+
nlon:ElectronicDocument,21143,rdfs:label,100.0,1
nlon:ElectronicDocument,21143,bibframe:extent,99.99,*
nlon:ElectronicDocument,21143,nlon:localHolding,99.99,*
nlon:ElectronicDocument,21143,nlon:publicationPlace,99.99,*
nlon:ElectronicDocument,21143,dc:publisher,99.99,*
nlon:ElectronicDocument,21143,dcterms:issued,99.99,*
nlon:ElectronicDocument,21143,bibframe:language,99.95,?
nlon:ElectronicDocument,21143,bibframe:place,99.95,?
nlon:ElectronicDocument,21143,nlon:kdc,99.94,*
nlon:ElectronicDocument,21143,nlon:medium,99.85,?
nlon:ElectronicDocument,21143,nlon:issuedYear,98.56,?
nlon:ElectronicDocument,21143,nlon:editionOfKDC,86.7,?
nlon:ElectronicDocument,21143,nlon:kdcn,83.65,*
nlon:ElectronicDocument,21143,dcterms:description,71.29,*
nlon:ElectronicDocument,21143,dcterms:format,50.74,*
nlon:ElectronicDocument,21143,dcterms:creator,50.35,*
nlon:ElectronicDocument,21143,nlon:keyword,43.65,*
nlon:ElectronicDocument,21143,dcterms:requires,42.03,*
nlon:ElectronicDocument,21143,dc:creator,39.95,*
nlon:ElectronicDocument,21143,dcterms:alternative,36.93,*
nlon:ElectronicDocument,21143,bibo:isbn,36.38,*
nlon:ElectronicDocument,21143,dcterms:tableOfContents,32.14,*
nlon:ElectronicDocument,21143,dcterms:identifier,30.62,*
nlon:ElectronicDocument,21143,nlon:volumeOfNLK,29.55,*
nlon:ElectronicDocument,21143,nlon:remainderOfTitle,28.95,*
nlon:ElectronicDocument,21143,bibo:volume,28.68,*
nlon:ElectronicDocument,21143,nlon:titleOfSeries,27.32,*
nlon:ElectronicDocument,21143,dcterms:subject,22.57,*
nlon:ElectronicDocument,21143,nlon:governmentPublisher,19.14,?
nlon:ElectronicDocument,21143,bibo:edition,16.71,?
nlon:ElectronicDocument,21143,nlon:physicalFormAvailableNote,14.93,*
nlon:ElectronicDocument,21143,rdfs:seeAlso,14.55,*
nlon:ElectronicDocument,21143,dcterms:language,12.37,*
nlon:ElectronicDocument,21143,nlon:originalVersionNote,11.37,*
nlon:ElectronicDocument,21143,nlon:titleOfAdditionalPhysicalForm,11.17,*
nlon:ElectronicDocument,21143,nlon:languageNote,11.1,*
nlon:ElectronicDocument,21143,dcterms:hasFormat,11.1,*
nlon:AlternativeMaterial,15765,nlon:datePublished,100.0,1
nlon:AlternativeMaterial,15765,nlon:typeOfResource,100.0,1
nlon:AlternativeMaterial,15765,dcterms:title,100.0,1
nlon:AlternativeMaterial,15765,rdfs:label,100.0,1
nlon:AlternativeMaterial,15765,nlon:genre,99.99,?
nlon:AlternativeMaterial,15765,nlon:languageNote,98.45,*
nlon:AlternativeMaterial,15765,nlon:uci,96.73,*
nlon:AlternativeMaterial,15765,dc:publisher,95.67,?
nlon:AlternativeMaterial,15765,nlon:kdc,84.29,?
nlon:AlternativeMaterial,15765,nlon:audienceNote,79.13,?
nlon:AlternativeMaterial,15765,dcterms:issued,77.07,?
nlon:AlternativeMaterial,15765,dc:format,72.91,?
nlon:AlternativeMaterial,15765,bibframe:extent,64.92,?
nlon:AlternativeMaterial,15765,nlon:restriction,55.47,?
nlon:AlternativeMaterial,15765,nlon:antecedentSource,54.93,?
nlon:AlternativeMaterial,15765,nlon:keyword,39.11,*
nlon:AlternativeMaterial,15765,nlon:remainderOfTitle,16.04,*
nlon:AlternativeMaterial,15765,nlon:newsGenre,15.5,?
nlon:AlternativeMaterial,15765,nlon:medium,14.16,?
nlon:AlternativeMaterial,15765,dcterms:description,10.52,?
nlon:Map,10677,nlon:classificationNumberOfNLK,100.0,+
nlon:Map,10677,nlon:datePublished,100.0,+
nlon:Map,10677,nlon:itemNumberOfNLK,100.0,+
nlon:Map,10677,nlon:localHolding,100.0,+
nlon:Map,10677,nlon:typeOfData,100.0,1
nlon:Map,10677,dcterms:title,100.0,+
nlon:Map,10677,rdfs:label,100.0,1
nlon:Map,10677,bibframe:extent,99.98,*
nlon:Map,10677,nlon:publicationPlace,99.98,*
nlon:Map,10677,dcterms:issued,99.98,*
nlon:Map,10677,dc:publisher,99.96,*
nlon:Map,10677,bibframe:language,99.93,?
nlon:Map,10677,bibframe:place,99.93,?
nlon:Map,10677,nlon:issuedYear,99.69,?
nlon:Map,10677,nlon:medium,98.39,?
nlon:Map,10677,nlon:scale,97.72,*
nlon:Map,10677,nlon:kdc,97.4,*
nlon:Map,10677,dcterms:description,88.27,*
nlon:Map,10677,nlon:editionOfKDC,88.11,?
nlon:Map,10677,nlon:kdcn,86.78,?
nlon:Map,10677,dcterms:creator,78.87,*
nlon:Map,10677,nlon:governmentPublisher,73.4,?
nlon:Map,10677,nlon:projection,64.03,*
nlon:Map,10677,nlon:keyword,63.51,*
nlon:Map,10677,dcterms:alternative,51.24,*
nlon:Map,10677,nlon:volumeOfNLK,50.85,?
nlon:Map,10677,bibo:volume,49.62,?
nlon:Map,10677,dcterms:identifier,39.41,*
nlon:Map,10677,dcterms:language,22.44,*
nlon:Map,10677,dcterms:subject,20.81,*
nlon:Map,10677,nlon:languageNote,20.52,?
nlon:Map,10677,nlon:titleOfSeries,11.62,*
nlon:Map,10677,nlon:remainderOfTitle,10.13,*
nlon:Map,10677,dcterms:tableOfContents,10.05,*
nlon:DigitalizedMap,3382,bibframe:extent,100.0,1
nlon:DigitalizedMap,3382,nlon:datePublished,100.0,1
nlon:DigitalizedMap,3382,nlon:genre,100.0,1
nlon:DigitalizedMap,3382,nlon:publicationPlace,100.0,+
nlon:DigitalizedMap,3382,dc:publisher,100.0,+
nlon:DigitalizedMap,3382,rdfs:label,100.0,1
nlon:DigitalizedMap,3382,dcterms:title,99.97,*
nlon:DigitalizedMap,3382,nlon:audienceNote,99.82,?
nlon:DigitalizedMap,3382,nlon:antecedentSource,99.7,?
nlon:DigitalizedMap,3382,nlon:medium,99.7,?
nlon:DigitalizedMap,3382,dc:format,99.47,?
nlon:DigitalizedMap,3382,nlon:holdingInstitution,98.76,?
nlon:DigitalizedMap,3382,dcterms:accessRights,98.58,?
nlon:DigitalizedMap,3382,nlon:locationNote,83.62,?
nlon:DigitalizedMap,3382,dcterms:creator,52.48,*
nlon:DigitalizedMap,3382,dcterms:description,14.93,*
nlon:DigitalizedMap,3382,nlon:kdc,14.78,*
nlon:DigitalizedMap,3382,nlon:kdcn,14.78,*
nlon:DigitalizedMap,3382,dcterms:issued,13.19,?
nlon:DigitalizedMap,3382,nlon:typeOfResource,12.83,?
nlon:DigitalizedMap,3382,nlon:titleOfHostItem,12.51,?
nlon:DigitalizedMap,3382,dcterms:identifier,12.48,?
nlon:DigitalizedMap,3382,nlon:uci,12.45,?
nlon:DigitalizedMap,3382,nlon:keyword,11.77,*
nlon:Software,17,nlon:antecedentSource,100.0,1
nlon:Software,17,nlon:datePublished,100.0,1
nlon:Software,17,nlon:medium,100.0,1
nlon:Software,17,nlon:publicationPlace,100.0,+
nlon:Software,17,nlon:typeOfResource,100.0,1
nlon:Software,17,dc:format,100.0,1
nlon:Software,17,dc:publisher,100.0,1
nlon:Software,17,dcterms:accessRights,100.0,1
nlon:Software,17,dcterms:issued,100.0,1
nlon:Software,17,nlon:keyword,94.12,*
nlon:Software,17,dcterms:title,94.12,?
nlon:Software,17,rdfs:label,94.12,?
nlon:Software,17,nlon:kdc,88.24,?
nlon:Software,17,dc:creator,88.24,*
nlon:Software,17,dcterms:alternative,88.24,*
nlon:Software,17,bibframe:extent,82.35,?
nlon:Software,17,nlon:locationNote,82.35,?
nlon:Software,17,nlon:restriction,82.35,?
nlon:Software,17,dcterms:tableOfContents,76.47,?
nlon:Software,17,bibo:volume,76.47,?
nlon:Software,17,nlon:kdcn,70.59,?
nlon:Software,17,nlon:audienceNote,17.65,?
nlon:Software,17,nlon:currentPublicationFrequency,17.65,?
nlon:Software,17,nlon:genre,17.65,?
nlon:Software,17,dcterms:abstract,17.65,?
nlon:Software,17,dcterms:identifier,17.65,?
nlon:Software,17,dcterms:subject,17.65,?
nlon:Software,17,nlon:remainderOfTitle,17.65,?
nlon:Software,17,nlon:holdingInstitution,11.76,?
nlon:ComplexDocument,3,bibframe:extent,100.0,+
nlon:ComplexDocument,3,bibframe:language,100.0,1
nlon:ComplexDocument,3,bibframe:place,100.0,1
nlon:ComplexDocument,3,nlon:classificationNumberOfNLK,100.0,1
nlon:ComplexDocument,3,nlon:datePublished,100.0,1
nlon:ComplexDocument,3,nlon:editionOfKDC,100.0,1
nlon:ComplexDocument,3,nlon:issuedYear,100.0,1
nlon:ComplexDocument,3,nlon:itemNumberOfNLK,100.0,1
nlon:ComplexDocument,3,nlon:kdc,100.0,1
nlon:ComplexDocument,3,nlon:kdcn,100.0,1
nlon:ComplexDocument,3,nlon:localHolding,100.0,+
nlon:ComplexDocument,3,nlon:publicationPlace,100.0,1
nlon:ComplexDocument,3,nlon:typeOfData,100.0,1
nlon:ComplexDocument,3,dc:publisher,100.0,1
nlon:ComplexDocument,3,dcterms:description,100.0,+
nlon:ComplexDocument,3,dcterms:issued,100.0,1
nlon:ComplexDocument,3,dcterms:subject,100.0,+
nlon:ComplexDocument,3,dcterms:tableOfContents,100.0,+
nlon:ComplexDocument,3,dcterms:title,100.0,1
nlon:ComplexDocument,3,rdfs:label,100.0,1
nlon:ComplexDocument,3,nlon:volumeOfNLK,66.67,?
nlon:ComplexDocument,3,dc:creator,66.67,*
nlon:ComplexDocument,3,dcterms:abstract,66.67,?
nlon:ComplexDocument,3,dcterms:alternative,66.67,*
nlon:ComplexDocument,3,dcterms:creator,66.67,?
nlon:ComplexDocument,3,bibo:volume,66.67,?
nlon:ComplexDocument,3,nlon:languageNote,33.33,?
nlon:ComplexDocument,3,dcterms:language,33.33,*
nlon:ComplexDocument,3,nlon:medium,33.33,?
